Few-Shot Learning with Simplex,15 February 2018,['https://www.semanticscholar.org/paper/Few-Shot-Learning-with-Simplex-Zhang-Zhang/1a91176216db49a84d86a76ac1d2d73e208d1efb'],"['https://www.semanticscholar.org/author/Xifan-Zhang/5033465', 'https://www.semanticscholar.org/author/Deli-Zhao/1678783', 'https://www.semanticscholar.org/author/Fan-Cheng/47901000', 'https://www.semanticscholar.org/author/Bowen-Zhang/46824111']"
Tracking Loss: Converting Object Detector to Robust Visual Tracker,15 February 2018,['https://www.semanticscholar.org/paper/Tracking-Loss%3A-Converting-Object-Detector-to-Robust-Yan-Ren/61af1e4b4bfc4cd38ca969963be66ef4db30afd3'],"['https://www.semanticscholar.org/author/Stephen-Shaoyi-Liao/2168770', 'https://www.semanticscholar.org/author/Zhenbin-Yan/49356834', 'https://www.semanticscholar.org/author/Kai-Yang/48782904', 'https://www.semanticscholar.org/author/Jimmy-S.-J.-Ren/145335572']"
Large Margin Neural Language Models,15 February 2018,['https://www.semanticscholar.org/paper/Large-Margin-Neural-Language-Model-Huang-Li/ac5925e0be9695c70e01aa87aa7cf49d2a7f3db4'],"['https://www.semanticscholar.org/author/Liang-Huang/48545084', 'https://www.semanticscholar.org/author/Jiaji-Huang/34060310', 'https://www.semanticscholar.org/author/Yi-Li/47002970', 'https://www.semanticscholar.org/author/Wei-Ping/34337724']"
Clustering with Deep Learning: Taxonomy and New Methods,23 January 2018,['https://www.semanticscholar.org/paper/Clustering-with-Deep-Learning%3A-Taxonomy-and-New-Aljalbout-Golkov/48b9d350a0f20fdce7c8edc198fb3b3350600157'],"['https://www.semanticscholar.org/author/Vladimir-Golkov/2943639', 'https://www.semanticscholar.org/author/Daniel-Cremers/1695302', 'https://www.semanticscholar.org/author/Elie-Aljalbout/35402354', 'https://www.semanticscholar.org/author/Yawar-Siddiqui/35445401']"
Improving Conditional Sequence Generative Adversarial Networks by Stepwise Evaluation,16 August 2018,['https://www.semanticscholar.org/paper/Improving-Conditional-Sequence-Generative-Networks-Tuan-Lee/484ffd765876bc7f82a9eacff68ca20dbd4fcc34'],"['https://www.semanticscholar.org/author/Yi-Lin-Tuan/41017887', 'https://www.semanticscholar.org/author/Hung-yi-Lee/1706104']"
Convolutional Mesh Autoencoders for 3D Face Representation,15 February 2018,['https://www.semanticscholar.org/paper/Convolutional-Mesh-Autoencoders-for-3D-Face-Ranjan-Bolkart/090d5da6a808a2c362be8e1eb208e17222e4c9d6'],"['https://www.semanticscholar.org/author/Timo-Bolkart/1780750', 'https://www.semanticscholar.org/author/Michael-J.-Black/2105795', 'https://www.semanticscholar.org/author/Anurag-Ranjan/1952002']"
DENSELY CONNECTED RECURRENT NEURAL NETWORK FOR SEQUENCE-TO-SEQUENCE LEARNING,19 June 2019,['https://www.semanticscholar.org/paper/Densely-Connected-Graph-Convolutional-Networks-for-Guo-Zhang/d58438041e8d645a3e531325d4f0aed3dbe41920'],"['https://www.semanticscholar.org/author/Zhiyang-Teng/2272668', 'https://www.semanticscholar.org/author/Wei-Lu/143844110', 'https://www.semanticscholar.org/author/Zhijiang-Guo/2681038', 'https://www.semanticscholar.org/author/Yan-Zhang/46866815']"
Assessing the scalability of biologically-motivated deep learning algorithms and architectures,13 January 2018,['https://www.semanticscholar.org/paper/Assessing-the-Scalability-of-Biologically-Motivated-Bartunov-Santoro/c898161e3691625bcef780b78100f70e8bb94154'],"['https://www.semanticscholar.org/author/Timothy-P.-Lillicrap/2542999', 'https://www.semanticscholar.org/author/Geoffrey-E.-Hinton/1695689', 'https://www.semanticscholar.org/author/Blake-A.-Richards/38498866', 'https://www.semanticscholar.org/author/Adam-Santoro/35030998', 'https://www.semanticscholar.org/author/Sergey-Bartunov/2258504']"
A Neural-Symbolic Approach to Natural Language Tasks,15 February 2018,['https://www.semanticscholar.org/paper/A-Neural-Symbolic-Approach-to-Natural-Language-Huang-Smolensky/ba67de7e822a94091b9e57cc9be3069822a4f5c8'],"['https://www.semanticscholar.org/author/Paul-Smolensky/1748557', 'https://www.semanticscholar.org/author/Xiaodong-He/144137069', 'https://www.semanticscholar.org/author/Li-Deng/144718788', 'https://www.semanticscholar.org/author/Qiuyuan-Huang/1788124', 'https://www.semanticscholar.org/author/Dapeng-Wu/144953174']"
Softmax Supervision with Isotropic Normalization,15 February 2018,['https://www.semanticscholar.org/paper/Softmax-Supervision-with-Isotropic-Normalization-Zhao-Zhao/bdb4a094e5358d105288cd7af6f89a011ed66081'],"['https://www.semanticscholar.org/author/Bo-Zhang/144639789', 'https://www.semanticscholar.org/author/Deli-Zhao/1678783', 'https://www.semanticscholar.org/author/Yue-Zhao/47827548', 'https://www.semanticscholar.org/author/Shaohua-Wan/49725227']"
Neural Variational Sparse Topic Model,21 January 2018,['https://www.semanticscholar.org/paper/Neural-Variational-Sparse-Topic-Model-Xie/67a397d0dd3d2162c16e98a03b4794824fd643b4'],['https://www.semanticscholar.org/author/Qianqian-Xie/3406298']
DEEPCAST : UNIVERSAL TIME-SERIES FORECASTER,15 February 2018,['https://www.semanticscholar.org/paper/DEEPCAST%3A-UNIVERSAL-TIME-SERIES-FORECASTER-Laptev-Yu/08d6e43981e93aaf3dd7cc1fbd67279fb21637e5'],"['https://www.semanticscholar.org/author/Jiafan-Yu/143954008', 'https://www.semanticscholar.org/author/Nikolay-Laptev/145522110', 'https://www.semanticscholar.org/author/Ram-Rajagopal/47779909']"
MINE: Mutual Information Neural Estimation,12 January 2018,['https://www.semanticscholar.org/paper/MINE%3A-Mutual-Information-Neural-Estimation-Belghazi-Rajeswar/372bf2716c53e353be6c3f027493f1a40edb6640'],"['https://www.semanticscholar.org/author/Aristide-Baratin/14398916', 'https://www.semanticscholar.org/author/Sai-Rajeswar/1818842', 'https://www.semanticscholar.org/author/R.-Devon-Hjelm/40482726', 'https://www.semanticscholar.org/author/Aaron-C.-Courville/1760871', 'https://www.semanticscholar.org/author/Ishmael-Belghazi/3422357']"
Curiosity-driven Exploration by Bootstrapping Features,15 February 2018,['https://www.semanticscholar.org/paper/Curiosity-driven-Exploration-by-Bootstrapping-Edwards-Burda/6e6f3efeaeee3722be6fdb2b0666c09e62f7ba3c'],"['https://www.semanticscholar.org/author/Yuri-Burda/3080409', 'https://www.semanticscholar.org/author/Amos-J.-Storkey/1728216', 'https://www.semanticscholar.org/author/Harri-Edwards/72194441']"
Embedding Deep Networks into Visual Explanations,15 September 2017,['https://www.semanticscholar.org/paper/Embedding-Deep-Networks-into-Visual-Explanations-Qi-Li/a5294edaceb5905f04e28954c49563963e84c786'],"['https://www.semanticscholar.org/author/Fuxin-Li/3141988', 'https://www.semanticscholar.org/author/Zhongang-Qi/2539841']"
Learning a set of interrelated tasks by using a succession of motor policies for a socially guided intrinsically motivated learner,15 February 2018,['https://www.semanticscholar.org/paper/Learning-a-Set-of-Interrelated-Tasks-by-Using-a-of-Duminy-Nguyen/1b949da995c210236afc55a6d8de99d660d509c7'],"['https://www.semanticscholar.org/author/Dominique-Duhaut/2575895', 'https://www.semanticscholar.org/author/Sao-Mai-Nguyen/2709770', 'https://www.semanticscholar.org/author/Nicolas-Duminy/9018899']"
Semi-supervised Regression with Generative Adversarial Networks for End to End Learning in Autonomous Driving,15 February 2018,['https://www.semanticscholar.org/paper/Semi-supervised-Regression-with-Generative-Networks-Rezagholizadeh-Haidar/f750776a1264df51964ebae4e360ea4e422a256d'],"['https://www.semanticscholar.org/author/Akmal-Haidar/123890857', 'https://www.semanticscholar.org/author/Mehdi-Rezagholizadeh/1924511']"
DuoRC: Towards Complex Language Understanding with Paraphrased Reading Comprehension,20 February 2018,['https://www.semanticscholar.org/paper/DuoRC%3A-Towards-Complex-Language-Understanding-with-Saha-Aralikatte/a7bbb084f5de4f318c811776afeba2b05439c234'],"['https://www.semanticscholar.org/author/Karthik-Sankaranarayanan/145590185', 'https://www.semanticscholar.org/author/Rahul-Aralikatte/19509693', 'https://www.semanticscholar.org/author/Amrita-Saha/2909575', 'https://www.semanticscholar.org/author/Mitesh-M.-Khapra/2361078']"
Discrete Wasserstein Generative Adversarial Networks (DWGAN),13 February 2018,['https://www.semanticscholar.org/paper/Discrete-Wasserstein-Generative-Adversarial-(DWGAN)-Fathony-Goela/acf40208b0c8c9e9bac70cd954b1a3e7ba5d2122'],"['https://www.semanticscholar.org/author/Naveen-Goela/1991721', 'https://www.semanticscholar.org/author/Rizal-Fathony/7320311']"
Deep contextualized word representations,3 February 2018,['https://www.semanticscholar.org/paper/Deep-contextualized-word-representations-Peters-Neumann/3febb2bed8865945e7fddc99efd791887bb7e14f'],"['https://www.semanticscholar.org/author/Kenton-Lee/2544107', 'https://www.semanticscholar.org/author/Mark-Neumann/50043859', 'https://www.semanticscholar.org/author/Matthew-E.-Peters/39139825', 'https://www.semanticscholar.org/author/Mohit-Iyyer/2136562', 'https://www.semanticscholar.org/author/Christopher-Clark/143997772', 'https://www.semanticscholar.org/author/Matt-Gardner/40642935', 'https://www.semanticscholar.org/author/Luke-Zettlemoyer/1982950']"
Language Style Transfer from Non-Parallel Text with Arbitrary Styles,30 January 2018,['https://www.semanticscholar.org/paper/Language-Style-Transfer-from-Non-Parallel-Text-with-Zhao-Bi/2d7e8b18e2b698adb8107cba726db013d57821eb'],"['https://www.semanticscholar.org/author/Deng-Cai/1724421', 'https://www.semanticscholar.org/author/Xiaojiang-Liu/3028405', 'https://www.semanticscholar.org/author/Shuming-Shi/34720053', 'https://www.semanticscholar.org/author/Victoria-Bi/51178911', 'https://www.semanticscholar.org/author/Yanpeng-Zhao/49339267', 'https://www.semanticscholar.org/author/Kewei-Tu/40341553']"
Learning Audio Features for Singer Identification and Embedding,30 January 2018,['https://www.semanticscholar.org/paper/Learning-Audio-Features-for-Singer-Identification-Wang-Tzanetakis/36d031424ebe4c9420220ea3a6acb50421a99a09'],"['https://www.semanticscholar.org/author/Cheng-i-Wang/2705231', 'https://www.semanticscholar.org/author/George-Tzanetakis/1693065']"
Multitask learning of Multilingual Sentence Representations,29 January 2018,"['https://www.semanticscholar.org/paper/Multitask-learning-of-Multilingual-Sentence-Singla-Can/ad1bd3a25275e7ee28ef7bf6518deffb41ee7cae', 'https://www.semanticscholar.org/paper/A-Multi-task-Approach-to-Learning-Multilingual-Singla-Can/0b43f66d99f43017db3e2975d38f1d86d1bde1ca']","['https://www.semanticscholar.org/author/Dogan-Can/2913858', 'https://www.semanticscholar.org/author/Shrikanth-S.-Narayanan/145254843', 'https://www.semanticscholar.org/author/Do%C4%9Fan-Can/46690501', 'https://www.semanticscholar.org/author/Karan-Singla/3471353']"
Melody Generation for Pop Music via Word Representation of Musical Properties,31 October 2017,['https://www.semanticscholar.org/paper/Melody-Generation-for-Pop-Music-via-Word-of-Musical-Shin-Crestel/3d5c189f522f68de8a5f5e2e1f498de392a5e0b1'],"['https://www.semanticscholar.org/author/Hiroharu-Kato/47192865', 'https://www.semanticscholar.org/author/Tatsuya-Harada/1790553', 'https://www.semanticscholar.org/author/Masataka-Yamaguchi/3369734', 'https://www.semanticscholar.org/author/Katsunori-Ohnishi/8197937', 'https://www.semanticscholar.org/author/Masahiro-Nakawaki/27656384', 'https://www.semanticscholar.org/author/Andrew-Shin/145568592', 'https://www.semanticscholar.org/author/Kuniaki-Saito/2652444', 'https://www.semanticscholar.org/author/L%C3%A9opold-Crestel/3468368', 'https://www.semanticscholar.org/author/Yoshitaka-Ushiku/3250559']"
Spatial Variational Auto-Encoding via Matrix-Variate Normal Distributions,18 May 2017,['https://www.semanticscholar.org/paper/Spatial-Variational-Auto-Encoding-via-Normal-Wang-Yuan/f67afec4226aba674e786698b39b85b124945ddd'],"['https://www.semanticscholar.org/author/Shuiwang-Ji/1743600', 'https://www.semanticscholar.org/author/Hao-Yuan/145784241', 'https://www.semanticscholar.org/author/Zhengyang-Wang/8492168']"
Dense Transformer Networks,24 May 2017,"['https://www.semanticscholar.org/paper/Dense-Transformer-Networks-for-Brain-Electron-Image-Li-Chen/a55ed39239b34653edc8d3a9b17554967e38a503', 'https://www.semanticscholar.org/paper/Dense-Transformer-Networks-Li-Chen/e430d6df0f31c1e2882f2a60795abae9d3f954ab', 'https://www.semanticscholar.org/paper/Dense-Transformer-Networks-Li/cb406838c479bb94f7659a63110ec43e104f193a']","['https://www.semanticscholar.org/author/Lei-Cai/50258385', 'https://www.semanticscholar.org/author/Yongjun-Chen/49070069', 'https://www.semanticscholar.org/author/Shuiwang-Ji/1743600', 'https://www.semanticscholar.org/author/Ian-Davidson/143763341', 'https://www.semanticscholar.org/author/Jun-Li/37397865', 'https://www.semanticscholar.org/author/Jun-Yu-Li/46276037', 'https://www.semanticscholar.org/author/Lei-Cai/31694365', 'https://www.semanticscholar.org/author/Jun-Li/49298752', 'https://www.semanticscholar.org/author/Yongjun-Chen/29515359']"
Self-Organization adds application robustness to deep learners,25 December 2017,['https://www.semanticscholar.org/paper/Self-Organization-adds-application-robustness-to-Hartono-Trappenberg/4d3f2735ccfcb27069033dadcfcc15ee5f0d813f'],"['https://www.semanticscholar.org/author/Thomas-P.-Trappenberg/1741671', 'https://www.semanticscholar.org/author/Pitoyo-Hartono/144806973']"
Information Theoretic Co-Training,5 January 2018,['https://www.semanticscholar.org/paper/Information-Theoretic-Co-Training-McAllester/bc2660e9fb1ffc6a816851a664ea807652533fef'],['https://www.semanticscholar.org/author/David-McAllester/93591671']
The Multilinear Structure of ReLU Networks,3 November 2017,['https://www.semanticscholar.org/paper/The-Multilinear-Structure-of-ReLU-Networks-Laurent-Brecht/8ac7b00f5add45b460f6a801faca4a84221b1014'],"['https://www.semanticscholar.org/author/James-von-Brecht/2252504', 'https://www.semanticscholar.org/author/Thomas-Laurent/81634721']"
Towards Quantum Inspired Convolution Networks,2 December 2017,['https://www.semanticscholar.org/paper/Towards-Quantum-Inspired-Convolution-Networks-Geiger-Kedem/73eadd49d7cb73424140f3f95788290a064a6463'],"['https://www.semanticscholar.org/author/Davi-Geiger/14489533', 'https://www.semanticscholar.org/author/Zvi-M.-Kedem/1682592']"
Deep Epitome for Unravelling Generalized Hamming Network: A Fuzzy Logic Interpretation of Deep Learning,15 November 2017,['https://www.semanticscholar.org/paper/Deep-Epitome-for-Unravelling-Generalized-Hamming-A-Fan/0a4bcef481e76ac2b48533ccd099fa8dd52b2fcf'],['https://www.semanticscholar.org/author/Lixin-Fan/2034793']
Interactive Boosting of Neural Networks for Small-sample Image Classification,2 January 2018,['https://www.semanticscholar.org/paper/Interactive-Boosting-of-Neural-Networks-for-Image-Li-Chang/087c369513bebcde063c17ff0edc88eb1262d291'],"['https://www.semanticscholar.org/author/Jun-Guo/143983162', 'https://www.semanticscholar.org/author/Dongliang-Chang/67146777', 'https://www.semanticscholar.org/author/Jie-Cao/144473268', 'https://www.semanticscholar.org/author/Zhanyu-Ma/1755773', 'https://www.semanticscholar.org/author/Xiaoxu-Li/1876419', 'https://www.semanticscholar.org/author/Zheng-Hua-Tan/1709835']"
Tensor-Based Preposition Representation,12 December 2017,['https://www.semanticscholar.org/paper/Tensor-Based-Preposition-Representation-Gong-Bhat/f70b5cc799e4d1bf4bfdfc29087eda84828f2a51'],"['https://www.semanticscholar.org/author/Suma-Bhat/145355558', 'https://www.semanticscholar.org/author/Pramod-Viswanath/144768649', 'https://www.semanticscholar.org/author/Hongyu-Gong/2008458']"
Tactical Decision Making for Lane Changing with Deep Reinforcement Learning,13 December 2017,['https://www.semanticscholar.org/paper/Tactical-Decision-Making-for-Lane-Changing-with-Mukadam-Cosgun/a15b2393c3ce3473b859f9fd1892daec67588b66'],"['https://www.semanticscholar.org/author/Alireza-Nakhaei/2148583', 'https://www.semanticscholar.org/author/Mustafa-Mukadam/2874057', 'https://www.semanticscholar.org/author/Akansel-Cosgun/3216610', 'https://www.semanticscholar.org/author/Kikuo-Fujimura/35047644']"
 A Matrix Approximation View of NCE that Justifies Self-Normalization,14 December 2017,['https://www.semanticscholar.org/paper/A-Matrix-Approximation-View-of-NCE-that-Justifies-Goldberger-Melamud/4e0fab2acb195d9af4824febe0ab2989812cfcf2'],"['https://www.semanticscholar.org/author/Jacob-Goldberger/34508613', 'https://www.semanticscholar.org/author/Oren-Melamud/2298649']"
Detecting Anomalies in Communication Packet Streams based on  Generative Adversarial Networks,24 June 2019,['https://www.semanticscholar.org/paper/Detecting-Anomalies-in-Communication-Packet-Streams-Zhang-Niu/03e532b37ce12c7eb9afc50d43b68dc63bb557f6'],"['https://www.semanticscholar.org/author/Xingbao-Qiu/50829863', 'https://www.semanticscholar.org/author/Di-Zhang/145549377', 'https://www.semanticscholar.org/author/Qiang-Niu/144700069']"
Distributional Inclusion Vector Embedding for Unsupervised Hypernymy Detection,2 October 2017,['https://www.semanticscholar.org/paper/Distributional-Inclusion-Vector-Embedding-for-Chang-Wang/005a5ac1c06c1d6c4f7cb162a84d786c376133c1'],"['https://www.semanticscholar.org/author/ZiYun-Wang/39747646', 'https://www.semanticscholar.org/author/Haw-Shiuan-Chang/144827671', 'https://www.semanticscholar.org/author/Luke-Vilnis/2546951', 'https://www.semanticscholar.org/author/Andrew-McCallum/143753639']"
Embedding Multimodal Relational Data,13 December 2017,['https://www.semanticscholar.org/paper/Embedding-Multimodal-Relational-Data-Pezeshkpour-Chen/094ff8202b541b9067af0d5dbdfc1930c1bce281'],"['https://www.semanticscholar.org/author/Liyan-Chen/46307991', 'https://www.semanticscholar.org/author/Pouya-Pezeshkpour/1713436', 'https://www.semanticscholar.org/author/Sameer-Singh/34650964']"
Automatic Measurement on Etched Structure in Semiconductor Using Deep Learning Approach,,['https://www.semanticscholar.org/paper/Simulation-of-semiconductor-processes-and-devices%2C-Meyer-Biesemans/81943e73aed3b0244aeff2ddbc4d138c91be97a5'],"['https://www.semanticscholar.org/author/Kristin-De-Meyer/2155111', 'https://www.semanticscholar.org/author/Serge-Biesemans/1715439', 'https://www.semanticscholar.org/author/Processes/65836745']"
pix2code: Generating Code from a Graphical User Interface Screenshot,22 May 2017,['https://www.semanticscholar.org/paper/pix2code%3A-Generating-Code-from-a-Graphical-User-Beltramelli/9858b40d23d329151f202b76aac7ca515dee5913'],['https://www.semanticscholar.org/author/Tony-Beltramelli/2796188']
Word Mover's Embedding: From Word2Vec to Document Embedding,31 October 2017,"[""https://www.semanticscholar.org/paper/Word-Mover's-Embedding%3A-From-Word2Vec-to-Document-Wu-Yen/ef56afa4cefb90e263b1434dd3ca650904f54c6e""]","['https://www.semanticscholar.org/author/Lingfei-Wu/3008832', 'https://www.semanticscholar.org/author/Michael-J.-Witbrock/2819135', 'https://www.semanticscholar.org/author/Kun-Xu/151485141', 'https://www.semanticscholar.org/author/Pradeep-Ravikumar/145969795', 'https://www.semanticscholar.org/author/Fangli-Xu/2392383', 'https://www.semanticscholar.org/author/Pin-Yu-Chen/153191489', 'https://www.semanticscholar.org/author/Avinash-Balakrishnan/49858381', 'https://www.semanticscholar.org/author/Ian-En-Hsu-Yen/2527556']"
Confidence Scoring Using Whitebox Meta-models with Linear Classifier Probes,2 November 2017,['https://www.semanticscholar.org/paper/Confidence-Scoring-Using-Whitebox-Meta-models-with-Chen-Navratil/cd0d9b33724eed8aabf13d7fcbc61d9b500afac9'],"['https://www.semanticscholar.org/author/Vijay-Iyengar/20544883', 'https://www.semanticscholar.org/author/Tongfei-Chen/40364920', 'https://www.semanticscholar.org/author/Karthikeyan-Shanmugam/145455859', 'https://www.semanticscholar.org/author/Ji%C5%99%C3%AD-Navratil/39939986']"
Improved Learning in Convolutional Neural Networks with Shifted Exponential Linear Units (ShELUs),1 August 2018,"['https://www.semanticscholar.org/paper/Improved-Learning-in-Convolutional-Neural-Networks-Grelsson-Felsberg/9a629b5a530cadfd3e5209603b3150866557b564', 'https://www.semanticscholar.org/paper/Improved-Learning-in-Convolutional-Neural-Grelsson-Felsberg/75949df7c5a54bb2ef7053285c7eb747b4d33a6d']","['https://www.semanticscholar.org/author/Bertil-Grelsson/2945030', 'https://www.semanticscholar.org/author/Michael-Felsberg/2228323']"
Robust Task Clustering for Deep and Diverse Multi-Task and Few-Shot Learning,14 December 2017,['https://www.semanticscholar.org/paper/Robust-Task-Clustering-for-Deep-and-Diverse-and-Yu-Guo/65c3e38d5c461ac8e1efb4b335469b0e862ad94d'],"['https://www.semanticscholar.org/author/Xiaoxiao-Guo/1955964', 'https://www.semanticscholar.org/author/Mo-Yu/2482533', 'https://www.semanticscholar.org/author/Jinfeng-Yi/2882166']"
Pseudo sequence based deep neural network compression,1 July 2019,['https://www.semanticscholar.org/paper/Weight-Normalization-based-Quantization-for-Deep-Cai-Li/b146eb380d820a001634d3e476377b5817589aee'],"['https://www.semanticscholar.org/author/Wen-Pu-Cai/150336404', 'https://www.semanticscholar.org/author/Wu-Jun-Li/7878359']"
Per-Weight Class-Based Learning Rates via Analytical Continuation,2 December 2017,['https://www.semanticscholar.org/paper/Per-Weight-Class-Based-Learning-Rates-via-Rotman-Wolf/a8451b0b1e0be0a0b17d3f8ee97ffeecf7c37356'],"['https://www.semanticscholar.org/author/Michael-Rotman/32576006', 'https://www.semanticscholar.org/author/Lior-Wolf/145128145']"
VSE++: Improving Visual-Semantic Embeddings with Hard Negatives,18 July 2017,['https://www.semanticscholar.org/paper/VSE%2B%2B%3A-Improving-Visual-Semantic-Embeddings-with-Faghri-Fleet/f7ab6c52be9351ac3f6cf8fe6ad5efba1c1595e8'],"['https://www.semanticscholar.org/author/David-J.-Fleet/1793739', 'https://www.semanticscholar.org/author/Jamie-Ryan-Kiros/51131802', 'https://www.semanticscholar.org/author/Fartash-Faghri/2978170', 'https://www.semanticscholar.org/author/Sanja-Fidler/37895334']"
Dynamically Learning the Learning Rates:  Online Hyperparameter Optimization,3 January 2018,['https://www.semanticscholar.org/paper/Dynamically-Learning-the-Learning-Rates%3A-Online-Sarkar-Anandkumar/9fbc07d9588a302778cbcaac08dc6382eb6b5062'],"['https://www.semanticscholar.org/author/Anima-Anandkumar/2047844', 'https://www.semanticscholar.org/author/Tuhin-Subhra-Sarkar/3196815', 'https://www.semanticscholar.org/author/Leo-Dirac/67174746']"
MULTI-MODAL GEOLOCATION ESTIMATION USING DEEP NEURAL NETWORKS,26 December 2017,['https://www.semanticscholar.org/paper/Multi-modal-Geolocation-Estimation-Using-Deep-Johns-Rounds/1fd2655fd69a44bd9ca0d855521247d5620d3f82'],"['https://www.semanticscholar.org/author/Jesse-M.-Johns/14621350', 'https://www.semanticscholar.org/author/Jeremiah-Rounds/4155554', 'https://www.semanticscholar.org/author/Michael-J.-Henry/11947551']"
Accelerating Convolutional Neural Networks using Iterative Two-Pass Decomposition,5 January 2018,['https://www.semanticscholar.org/paper/Accelerating-Convolutional-Neural-Networks-using-Lin-Wu/99175ee6f86d4d0021d1453e2a2d8be77ee35e0c'],"['https://www.semanticscholar.org/author/Chih-Tsun-Huang/1962730', 'https://www.semanticscholar.org/author/Wei-Shiang-Lin/46639807']"
Adaptive Weight Sparsity for Training Deep Neural Networks,20 January 2018,['https://www.semanticscholar.org/paper/Adaptive-Weight-Sparsity-for-Training-Deep-Neural-James-Lindsey/accb6788cd2d83451b8ed597b18eae68e05ee03c'],"['https://www.semanticscholar.org/author/Jack-Lindsey/19131047', 'https://www.semanticscholar.org/author/Ilya-Sharapov/143627441', 'https://www.semanticscholar.org/author/Michael-James/143660108']"
Deep Net Triage: Assessing The Criticality of Network Layers by Structural Compression,6 January 2018,['https://www.semanticscholar.org/paper/Deep-Net-Triage%3A-Assessing-the-Criticality-of-by-Nowak-Corso/e9f5bb1f7ca4bb7d6fee35b1d1acd26a597b9945'],"['https://www.semanticscholar.org/author/Jason-J.-Corso/3587688', 'https://www.semanticscholar.org/author/Theodore-S.-Nowak/31127992']"
Deep Active Learning over the Long Tail,2 November 2017,['https://www.semanticscholar.org/paper/Deep-Active-Learning-over-the-Long-Tail-Geifman-El-Yaniv/41ed3608eae64fd181ca8b5e6d0eb63b210b588b'],"['https://www.semanticscholar.org/author/Ran-El-Yaniv/1387872181', 'https://www.semanticscholar.org/author/Yonatan-Geifman/16082116']"
THE LOCAL DIMENSION OF DEEP MANIFOLD,5 November 2017,['https://www.semanticscholar.org/paper/The-Local-Dimension-of-Deep-Manifold-Zhang-Wu/e1a54256d23c15385409f4fd6152d273bd562abb'],"['https://www.semanticscholar.org/author/Yanren-Zhang/25472733', 'https://www.semanticscholar.org/author/Mengxiao-Zhang/4727261', 'https://www.semanticscholar.org/author/Wangquan-Wu/153038259', 'https://www.semanticscholar.org/author/Kun-He/1702188', 'https://www.semanticscholar.org/author/Huan-Long/39007850', 'https://www.semanticscholar.org/author/Tao-Yu/40418746', 'https://www.semanticscholar.org/author/John-E.-Hopcroft/1706504']"
Learning to Imagine Manipulation Goals for Robot Task Planning,8 November 2017,['https://www.semanticscholar.org/paper/Learning-to-Imagine-Manipulation-Goals-for-Robot-Paxton-Katyal/778f8258bad0620b996666d883ce261216558ddd'],"['https://www.semanticscholar.org/author/Christian-Rupprecht/2714036', 'https://www.semanticscholar.org/author/Chris-Paxton/1977464', 'https://www.semanticscholar.org/author/Raman-Arora/144365054', 'https://www.semanticscholar.org/author/Gregory-D.-Hager/1678633', 'https://www.semanticscholar.org/author/Kapil-D.-Katyal/2788711']"
Human-like Clustering with Deep Convolutional Neural Networks,4 December 2017,['https://www.semanticscholar.org/paper/Human-like-Clustering-with-Deep-Convolutional-Borji-Dundar/ddb561cbdc1e8d76e88679c115f277effde4db8d'],"['https://www.semanticscholar.org/author/Ali-Borji/3177797', 'https://www.semanticscholar.org/author/Aysegul-Dundar/2130620']"
Attribute-aware Collaborative Filtering: Survey and Classification,11 December 2017,"['https://www.semanticscholar.org/paper/Attribute-aware-Collaborative-Filtering%3A-Survey-and-Chen-Hsu/296831a95aa306e3d3409d482439d7827c19cc46', 'https://www.semanticscholar.org/paper/Attribute-Aware-Recommender-System-Based-on-Survey-Chen-Hsu/a8b34545935013dac51e9f1012c5df07257e9dcd']","['https://www.semanticscholar.org/author/Vincent-Liu/144237796', 'https://www.semanticscholar.org/author/Shou-de-Lin/2818798', 'https://www.semanticscholar.org/author/Wen-Hao-Chen/3716488', 'https://www.semanticscholar.org/author/Wenhao-Chen/47482645', 'https://www.semanticscholar.org/author/Mi-Yen-Yeh/39907129', 'https://www.semanticscholar.org/author/Chin-Chi-Hsu/2081791', 'https://www.semanticscholar.org/author/Yi-An-Lai/2117866']"
Continuous Propagation: Layer-Parallel Training,19 January 2018,['https://www.semanticscholar.org/paper/Continuous-Propagation%3A-Layer-Parallel-Training-James-Arpit/2d4ab29826f9cc2dcc6608ddab6a7e2e05391adc'],"['https://www.semanticscholar.org/author/Ilya-Sharapov/143627441', 'https://www.semanticscholar.org/author/Herman-Sahota/47366436', 'https://www.semanticscholar.org/author/Devansh-Arpit/2309967', 'https://www.semanticscholar.org/author/Michael-James/143660108']"
Learning Topics using Semantic Locality,24 January 2018,['https://www.semanticscholar.org/paper/Learning-Topics-Using-Semantic-Locality-Zhao-Pugdeethosapol/fd9d16f44f7677e7fbaaaec6826fabea63b7ae55'],"['https://www.semanticscholar.org/author/Caiwen-Ding/2881873', 'https://www.semanticscholar.org/author/Sheng-Lin/144225675', 'https://www.semanticscholar.org/author/Yanzhi-Wang/46395036', 'https://www.semanticscholar.org/author/Zhe-Li/38315753', 'https://www.semanticscholar.org/author/Qinru-Qiu/1862322', 'https://www.semanticscholar.org/author/Krittaphat-Pugdeethosapol/9091383', 'https://www.semanticscholar.org/author/Ziyi-Zhao/47122744']"
Anticipatory Asynchronous Advantage Actor-Critic (A4C): The power of Anticipation in Deep Reinforcement Learning,13 January 2018,['https://www.semanticscholar.org/paper/Anticipatory-Asynchronous-Advantage-Actor-Critic-of-Luan-Medini/588cf6ff7cc952c2e90079c6d96bb7839bbcd7f4'],"['https://www.semanticscholar.org/author/Xun-Luan/71204944', 'https://www.semanticscholar.org/author/Anshumali-Shrivastava/4260659', 'https://www.semanticscholar.org/author/Tharun-Medini/51491077']"
Sparse Deep Scattering Crois√© Network,25 November 2017,['https://www.semanticscholar.org/paper/Sparse-Deep-Scattering-Crois%C3%A9-Network-Cosentino-Balestriero/60aaf40b70d4a38c4546d8601b0143b94547b9d9'],"['https://www.semanticscholar.org/author/Randall-Balestriero/3201463', 'https://www.semanticscholar.org/author/Ankit-B.-Patel/46463998', 'https://www.semanticscholar.org/author/Richard-Baraniuk/144908066', 'https://www.semanticscholar.org/author/Romain-Cosentino/40125997']"
Incremental Learning in Deep Convolutional Neural Networks Using Partial Network Sharing,7 December 2017,['https://www.semanticscholar.org/paper/Incremental-Learning-in-Deep-Convolutional-Neural-Sarwar-Ankit/59d660d1dc9114a93f906945a65d41d1a4eaa7ec'],"['https://www.semanticscholar.org/author/Syed-Shakib-Sarwar/32830876', 'https://www.semanticscholar.org/author/Kaushik-Roy/143884690', 'https://www.semanticscholar.org/author/Aayush-Ankit/3468125']"
Bayesian Embeddings for Long-Tailed Datasets,17 January 2018,['https://www.semanticscholar.org/paper/Bayesian-Embeddings-for-Long-Tailed-Datasets-Fragoso-Ramanan/17bece4f871199192d71d35aebe5af154f74872a'],"['https://www.semanticscholar.org/author/Victor-Fragoso/2245862', 'https://www.semanticscholar.org/author/Deva-Ramanan/1770537']"
Distributed Restarting NewtonCG Method for Large-Scale Empirical Risk Minimization,31 October 2017,['https://www.semanticscholar.org/paper/Distributed-Restarting-NewtonCG-Method-for-Risk-Jahani-He/7116ff3be199557e7f1d60ac2670ca0a689c3627'],"['https://www.semanticscholar.org/author/Dheevatsa-Mudigere/2205699', 'https://www.semanticscholar.org/author/Chenxin-Ma/2008023', 'https://www.semanticscholar.org/author/Aryan-Mokhtari/2706423', 'https://www.semanticscholar.org/author/Majid-Jahani/27675108', 'https://www.semanticscholar.org/author/Alejandro-Ribeiro/144461639', 'https://www.semanticscholar.org/author/Xi-He/144080363', 'https://www.semanticscholar.org/author/Martin-Tak%C3%A1c/144696183']"
Deep Hyperspherical Defense against Adversarial Perturbations,4 December 2017,['https://www.semanticscholar.org/paper/Deep-Hyperspherical-Defense-against-Adversarial-Liu-Liu/0cf93d3b5754148a380a74a97300c341d403d3c3'],"['https://www.semanticscholar.org/author/Bo-Dai/144445933', 'https://www.semanticscholar.org/author/Tuo-Zhao/36345161', 'https://www.semanticscholar.org/author/Le-Song/1779453', 'https://www.semanticscholar.org/author/Zhehui-Chen/9545488', 'https://www.semanticscholar.org/author/Zhen-Liu/46271093', 'https://www.semanticscholar.org/author/Weiyang-Liu/36326884']"
FastNorm: Improving Numerical Stability of Deep Network Training with Efficient Normalization,20 January 2018,['https://www.semanticscholar.org/paper/FastNorm%3A-Improving-Numerical-Stability-of-Deep-Malladi-Sharapov/8b916d298deb20be66d82c960c9c8e7346367f34'],"['https://www.semanticscholar.org/author/Sadhika-Malladi/34132695', 'https://www.semanticscholar.org/author/Ilya-Sharapov/143627441']"
Cluster-based Warm-Start Nets,25 June 2019,['https://www.semanticscholar.org/paper/Cluster-Based-Web-System-Models-for-Different-of-in-Rak/8b398d30c2e70b4653ee7293d32720c50b3c518b'],['https://www.semanticscholar.org/author/Tomasz-Rak/145104065']
THINK VISUALLY: QUESTION ANSWERING THROUGH VIRTUAL IMAGERY,19 November 2017,['https://www.semanticscholar.org/paper/Think-Visually%3A-Question-Answering-through-Virtual-Goyal-Wang/25497541031b9fad3992e193cf3a30297223012b'],"['https://www.semanticscholar.org/author/Ankit-Goyal/47989752', 'https://www.semanticscholar.org/author/Jia-Deng/153302678', 'https://www.semanticscholar.org/author/J.-J.-Wang/46584851']"
Do Convolutional Neural Networks act  as Compositional Nearest Neighbors?,29 November 2017,['https://www.semanticscholar.org/paper/Do-Convolutional-Neural-Networks-act-as-Nearest-Liu-Bansal/d80a794320836120bab46b467118c65fd6693f57'],"['https://www.semanticscholar.org/author/Deva-Ramanan/1770537', 'https://www.semanticscholar.org/author/Aayush-Bansal/3294630', 'https://www.semanticscholar.org/author/Chunhui-Liu/50557221', 'https://www.semanticscholar.org/author/Victor-Fragoso/2245862']"
Binarized Back-Propagation: Training Binarized Neural Networks with Binarized Gradients,29 October 2017,['https://www.semanticscholar.org/paper/Binarized-Back-Propagation%3A-Training-Binarized-with-Hubara-Hoffer/1bccff4a1511f7028837730c64714f220db46070'],"['https://www.semanticscholar.org/author/Itay-Hubara/2477463', 'https://www.semanticscholar.org/author/Elad-Hoffer/40555034', 'https://www.semanticscholar.org/author/Daniel-Soudy/150082904']"
DETECTING ADVERSARIAL PERTURBATIONS WITH SALIENCY,23 March 2018,"['https://www.semanticscholar.org/paper/Detecting-Adversarial-Perturbations-with-Saliency-Zhang-Yang/8d2db5dd735829bc119d136e4e66a2988853b0ce', 'https://www.semanticscholar.org/paper/Detecting-Adversarial-Perturbations-with-Saliency-Zhang-Ye/8ee5ae716558980c3fb60002b2dc0f7270836e9c']","['https://www.semanticscholar.org/author/Zhimou-Yang/48598757', 'https://www.semanticscholar.org/author/Zuochang-Ye/39197645', 'https://www.semanticscholar.org/author/Chiliang-Zhang/40900301']"
Complex- and Real-Valued Neural Network Architectures,3 January 2018,['https://www.semanticscholar.org/paper/Complex-and-Real-Valued-Neural-Network-M%C3%B6nning-Manandhar/f6ee5f19af1208b60b484b1186d8d521fdaf52cc'],"['https://www.semanticscholar.org/author/Suresh-Manandhar/52022374', 'https://www.semanticscholar.org/author/Nils-M%C3%B6nning/72020141']"
Learning with Mental Imagery,,['https://www.semanticscholar.org/paper/How-mental-imagery-helps-robot-learning-Seepanomwan/c9c2a1a0433e92ae8e89585dab19dd56e8fa1576'],['https://www.semanticscholar.org/author/Kristsana-Seepanomwan/2865135']
HyperNetworks with statistical filtering for defending adversarial examples,6 November 2017,['https://www.semanticscholar.org/paper/HyperNetworks-with-statistical-filtering-for-Sun-Ozay/6fc8da70c2cf197b19290d002797313877cbc755'],"['https://www.semanticscholar.org/author/Takayuki-Okatani/1718872', 'https://www.semanticscholar.org/author/Mete-Ozay/2159942', 'https://www.semanticscholar.org/author/Zhun-Sun/3458345']"
